{"cameraMode":{"drawMode":0,"name":"Shaded","section":"Shading Mode"},"sceneLighting":true,"audioPlay":false,"sceneViewState":{"showFog":true,"showMaterialUpdate":false,"showSkybox":true,"showFlares":true,"showImageEffects":true,"showParticleSystems":true},"in2DMode":false,"pivot":{"x":191.21661376953126,"y":5.7111945152282719,"z":197.60733032226563},"rotation":{"x":-0.09227319806814194,"y":0.735940158367157,"z":-0.1024462953209877,"w":-0.662859320640564},"size":0.14526548981666566,"orthographic":false}